id,CharId,GameId,Game,isMale,isFemale
1,Lucina,13,Awakening,0,1
2,Tharja,13,Awakening,0,1
3,Chrom,13,Awakening,1,0
4,Cordelia,13,Awakening,0,1
5,Robin (M),13,Awakening,1,0
6,Henry,13,Awakening,1,0
7,Nowi,13,Awakening,0,1
8,Donnel,13,Awakening,1,0
9,Robin (F),13,Awakening,0,1
10,Lon'qu,13,Awakening,1,0
11,Tiki,13,Awakening,0,1
12,Gaius,13,Awakening,1,0
13,Anna,13,Awakening,0,1
14,Owain,13,Awakening,1,0
15,Morgan (F),13,Awakening,0,1
16,Severa,13,Awakening,0,1
17,Olivia,13,Awakening,0,1
18,Masked Marth,13,Awakening,1,1
19,Lissa,13,Awakening,0,1
20,Inigo,13,Awakening,1,0
21,Cherche,13,Awakening,0,1
22,Frederick,13,Awakening,1,0
23,Maribelle,13,Awakening,0,1
24,Panne,13,Awakening,0,1
25,Sumia,13,Awakening,0,1
26,Noire,13,Awakening,0,1
27,Stahl,13,Awakening,1,0
28,Aversa,13,Awakening,0,1
29,Grima,13,Awakening,1,1
30,Morgan (M),13,Awakening,1,0
31,Kellam,13,Awakening,1,0
32,Cynthia,13,Awakening,0,1
33,Nah,13,Awakening,0,1
34,Sully,13,Awakening,0,1
35,Gerome,13,Awakening,1,0
36,Say'ri,13,Awakening,0,1
37,Libra,13,Awakening,1,0
38,Priam,13,Awakening,1,0
39,Virion,13,Awakening,1,0
40,Gregor,13,Awakening,1,0
41,Miriel,13,Awakening,0,1
42,Yarne,13,Awakening,1,0
43,Emmeryn,13,Awakening,0,1
44,Ricken,13,Awakening,1,0
45,Naga,13,Awakening,0,1
46,Gangrel,13,Awakening,1,0
47,Vaike,13,Awakening,1,0
48,Walhart,13,Awakening,1,0
49,Brady,13,Awakening,1,0
50,Flavia,13,Awakening,0,1
51,Mustafa,13,Awakening,1,0
52,Basilio,13,Awakening,1,0
53,Cervantes,13,Awakening,1,0
54,Kjelle,13,Awakening,0,1
55,Laurent,13,Awakening,1,0
56,Yen'fay,13,Awakening,1,0
57,Validar,13,Awakening,1,0
58,Excellus,13,Awakening,1,0
59,Camilla,14,Fates,0,1
60,Corrin (F),14,Fates,0,1
61,Azura,14,Fates,0,1
62,Takumi,14,Fates,1,0
63,Leo,14,Fates,1,0
64,Felicia,14,Fates,0,1
65,Elise,14,Fates,0,1
66,Niles,14,Fates,1,0
67,Sakura,14,Fates,0,1
68,Corrin (M),14,Fates,1,0
69,Xander,14,Fates,1,0
70,Ryoma,14,Fates,1,0
71,Hinoka,14,Fates,0,1
72,Anna,14,Fates,0,1
73,Selkie,14,Fates,0,1
74,Oboro,14,Fates,0,1
75,Selena,14,Fates,0,1
76,Jakob,14,Fates,1,0
77,Soleil,14,Fates,0,1
78,Laslow,14,Fates,1,0
79,Kaze,14,Fates,1,0
80,Charlotte,14,Fates,0,1
81,Peri,14,Fates,0,1
82,Kaden,14,Fates,1,0
83,Keaton,14,Fates,1,0
84,Ophelia,14,Fates,0,1
85,Hana,14,Fates,0,1
86,Velouria,14,Fates,0,1
87,Setsuna,14,Fates,0,1
88,Kagero,14,Fates,0,1
89,Odin,14,Fates,1,0
90,Caeldori,14,Fates,0,1
91,Rinkah,14,Fates,0,1
92,Flora,14,Fates,0,1
93,Kana (F),14,Fates,0,1
94,Silas,14,Fates,1,0
95,Rhajat,14,Fates,0,1
96,Nyx,14,Fates,0,1
97,Beruka,14,Fates,0,1
98,Forrest,14,Fates,1,0
99,Lilith,14,Fates,0,1
100,Saizo,14,Fates,1,0
101,Dwyer,14,Fates,1,0
102,Mozu,14,Fates,0,1
103,Effie,14,Fates,0,1
104,Scarlet,14,Fates,0,1
105,Nina,14,Fates,0,1
106,Subaki,14,Fates,1,0
107,Arthur,14,Fates,1,0
108,Orochi,14,Fates,0,1
109,Shigure,14,Fates,1,0
110,Hinata,14,Fates,1,0
111,Kana (M),14,Fates,1,0
112,Midori,14,Fates,0,1
113,Anankos,14,Fates,1,0
114,Shura,14,Fates,1,0
115,Mikoto,14,Fates,0,1
116,Azama,14,Fates,1,0
117,Layla,14,Fates,0,1
118,Benny,14,Fates,1,0
119,Mitama,14,Fates,0,1
120,Shiro,14,Fates,1,0
121,Reina,14,Fates,0,1
122,Sophie,14,Fates,0,1
123,Kiragi,14,Fates,1,0
124,Asugi,14,Fates,1,0
125,Gunter,14,Fates,1,0
126,Izana,14,Fates,1,0
127,Garon,14,Fates,1,0
128,Hayato,14,Fates,1,0
129,Arete,14,Fates,0,1
130,Sumeragi,14,Fates,1,0
131,Iago,14,Fates,1,0
132,Siegbert,14,Fates,1,0
133,Rainbow Sage,14,Fates,1,0
134,Candace,14,Fates,0,1
135,Hisame,14,Fates,1,0
136,Zola,14,Fates,1,0
137,Percy,14,Fates,1,0
138,Yukimura,14,Fates,1,0
139,Hans,14,Fates,1,0
140,Nichol,14,Fates,1,0
141,Fuga,14,Fates,1,0
142,Ignatius,14,Fates,1,0
143,Celica,2,Gaiden / Echoes: Shadows of Valentia,0,1
144,Alm,2,Gaiden / Echoes: Shadows of Valentia,1,0
145,Delthea,2,Gaiden / Echoes: Shadows of Valentia,0,1
146,Mathilda,2,Gaiden / Echoes: Shadows of Valentia,0,1
147,Valbar,2,Gaiden / Echoes: Shadows of Valentia,1,0
148,Zeke,2,Gaiden / Echoes: Shadows of Valentia,1,0
149,Kliff,2,Gaiden / Echoes: Shadows of Valentia,1,0
150,Catria,2,Gaiden / Echoes: Shadows of Valentia,0,1
151,Silque,2,Gaiden / Echoes: Shadows of Valentia,0,1
152,Sonya,2,Gaiden / Echoes: Shadows of Valentia,1,0
153,Saber,2,Gaiden / Echoes: Shadows of Valentia,1,0
154,Kamui,2,Gaiden / Echoes: Shadows of Valentia,1,0
155,Lukas,2,Gaiden / Echoes: Shadows of Valentia,1,0
156,Boey,2,Gaiden / Echoes: Shadows of Valentia,1,0
157,Genny,2,Gaiden / Echoes: Shadows of Valentia,0,1
158,Mae,2,Gaiden / Echoes: Shadows of Valentia,0,1
159,Clair,2,Gaiden / Echoes: Shadows of Valentia,0,1
160,Gray,2,Gaiden / Echoes: Shadows of Valentia,1,0
161,Luthier,2,Gaiden / Echoes: Shadows of Valentia,1,0
162,Est,2,Gaiden / Echoes: Shadows of Valentia,0,1
163,Tobin,2,Gaiden / Echoes: Shadows of Valentia,1,0
164,Palla,2,Gaiden / Echoes: Shadows of Valentia,0,1
165,Nomah,2,Gaiden / Echoes: Shadows of Valentia,1,0
166,Rudolf,2,Gaiden / Echoes: Shadows of Valentia,1,0
167,Python,2,Gaiden / Echoes: Shadows of Valentia,1,0
168,Mycen,2,Gaiden / Echoes: Shadows of Valentia,1,0
169,Clive,2,Gaiden / Echoes: Shadows of Valentia,1,0
170,Atlas,2,Gaiden / Echoes: Shadows of Valentia,1,0
171,Deen,2,Gaiden / Echoes: Shadows of Valentia,1,0
172,Tatiana,2,Gaiden / Echoes: Shadows of Valentia,0,1
173,Desaix,2,Gaiden / Echoes: Shadows of Valentia,1,0
174,Forsyth,2,Gaiden / Echoes: Shadows of Valentia,1,0
175,Leon,2,Gaiden / Echoes: Shadows of Valentia,1,0
176,Jesse,2,Gaiden / Echoes: Shadows of Valentia,1,0
177,Grieth,2,Gaiden / Echoes: Shadows of Valentia,1,0
792,Faye,2,Gaiden / Echoes: Shadows of Valentia,0,1
793,Conrad,2,Gaiden / Echoes: Shadows of Valentia,1,0
178,Sigurd,4,Genealogy of the Holy War,1,0
179,Ayra,4,Genealogy of the Holy War,0,1
180,Arden,4,Genealogy of the Holy War,1,0
181,Seliph,4,Genealogy of the Holy War,1,0
182,Eldigan,4,Genealogy of the Holy War,1,0
183,Ishtar,4,Genealogy of the Holy War,0,1
184,Larcei,4,Genealogy of the Holy War,0,1
185,Lewyn,4,Genealogy of the Holy War,1,0
186,Finn,4,Genealogy of the Holy War,1,0
187,Lachesis,4,Genealogy of the Holy War,0,1
188,Arvis,4,Genealogy of the Holy War,1,0
189,Finn (2),4,Genealogy of the Holy War,1,0
190,Ced,4,Genealogy of the Holy War,1,0
191,Quan,4,Genealogy of the Holy War,1,0
192,Leif,4,Genealogy of the Holy War,1,0
193,Arthur,4,Genealogy of the Holy War,1,0
194,Tailtiu,4,Genealogy of the Holy War,0,1
195,Julia,4,Genealogy of the Holy War,0,1
196,Ares,4,Genealogy of the Holy War,1,0
197,Erinys,4,Genealogy of the Holy War,0,1
198,Azelle,4,Genealogy of the Holy War,1,0
199,Shannan,4,Genealogy of the Holy War,1,0
200,Deirdre,4,Genealogy of the Holy War,0,1
201,Tine,4,Genealogy of the Holy War,0,1
202,Ethlyn,4,Genealogy of the Holy War,0,1
203,Patty,4,Genealogy of the Holy War,0,1
204,Ulster,4,Genealogy of the Holy War,1,0
205,Lex,4,Genealogy of the Holy War,1,0
206,Julius,4,Genealogy of the Holy War,1,0
207,Dew,4,Genealogy of the Holy War,1,0
208,Altena,4,Genealogy of the Holy War,0,1
209,Naoise,4,Genealogy of the Holy War,1,0
210,Chulainn,4,Genealogy of the Holy War,1,0
211,Jamke,4,Genealogy of the Holy War,1,0
212,Travant,4,Genealogy of the Holy War,1,0
213,Fee,4,Genealogy of the Holy War,0,1
214,Febail,4,Genealogy of the Holy War,1,0
215,Silvia,4,Genealogy of the Holy War,0,1
216,Lana,4,Genealogy of the Holy War,0,1
217,Nanna,4,Genealogy of the Holy War,0,1
218,Midir,4,Genealogy of the Holy War,1,0
219,Oifey,4,Genealogy of the Holy War,1,0
220,Brigid,4,Genealogy of the Holy War,0,1
221,Lene,4,Genealogy of the Holy War,0,1
222,Alec,4,Genealogy of the Holy War,1,0
223,Beowolf,4,Genealogy of the Holy War,1,0
224,Muirne,4,Genealogy of the Holy War,0,1
225,Annand,4,Genealogy of the Holy War,0,1
226,Reptor,4,Genealogy of the Holy War,1,0
227,Diarmuid,4,Genealogy of the Holy War,1,0
228,Hannibal,4,Genealogy of the Holy War,1,0
229,Arion,4,Genealogy of the Holy War,1,0
230,Daisy,4,Genealogy of the Holy War,0,1
231,Andrey,4,Genealogy of the Holy War,1,0
232,Iucharba,4,Genealogy of the Holy War,1,0
233,Iuchar,4,Genealogy of the Holy War,1,0
234,Aida,4,Genealogy of the Holy War,0,1
235,Hawk,4,Genealogy of the Holy War,1,0
236,Linda,4,Genealogy of the Holy War,0,1
237,Lombard,4,Genealogy of the Holy War,1,0
238,Laylea,4,Genealogy of the Holy War,0,1
239,Manfroy,4,Genealogy of the Holy War,1,0
240,Creidne,4,Genealogy of the Holy War,0,1
241,Sandima,4,Genealogy of the Holy War,1,0
242,Ishtore,4,Genealogy of the Holy War,1,0
243,Kutuzov,4,Genealogy of the Holy War,1,0
244,Jeanne,4,Genealogy of the Holy War,0,1
245,Tristan,4,Genealogy of the Holy War,1,0
246,Byron,4,Genealogy of the Holy War,1,0
247,Munnir,4,Genealogy of the Holy War,1,0
248,Edain,4,Genealogy of the Holy War,0,1
249,Claud,4,Genealogy of the Holy War,1,0
250,Brian,4,Genealogy of the Holy War,1,0
251,Asaello,4,Genealogy of the Holy War,1,0
252,Amid,4,Genealogy of the Holy War,1,0
253,Coirpre,4,Genealogy of the Holy War,1,0
254,Chagall,4,Genealogy of the Holy War,1,0
255,Dalvin,4,Genealogy of the Holy War,1,0
256,Hermina,4,Genealogy of the Holy War,0,1
257,Hilda,4,Genealogy of the Holy War,0,1
258,Lester,4,Genealogy of the Holy War,1,0
259,Charlot,4,Genealogy of the Holy War,1,0
260,Scipio,4,Genealogy of the Holy War,1,0
261,Deimne,4,Genealogy of the Holy War,1,0
262,Cimbaeth,4,Genealogy of the Holy War,1,0
263,Danann,4,Genealogy of the Holy War,1,0
264,Bloom,4,Genealogy of the Holy War,1,0
265,Marth,3,Mystery of the Emblem / New Mystery of the Emblem,1,0
266,Tiki,3,Mystery of the Emblem / New Mystery of the Emblem,0,1
267,Katarina,3,Mystery of the Emblem / New Mystery of the Emblem,0,1
268,Caeda,3,Mystery of the Emblem / New Mystery of the Emblem,0,1
269,Catria,3,Mystery of the Emblem / New Mystery of the Emblem,0,1
270,Ogma,3,Mystery of the Emblem / New Mystery of the Emblem,1,0
271,Navarre,3,Mystery of the Emblem / New Mystery of the Emblem,1,0
272,Minerva,3,Mystery of the Emblem / New Mystery of the Emblem,0,1
273,Merric,3,Mystery of the Emblem / New Mystery of the Emblem,1,0
274,Jeorge,3,Mystery of the Emblem / New Mystery of the Emblem,1,0
275,Sirius,3,Mystery of the Emblem / New Mystery of the Emblem,1,0
276,Kris (M),3,Mystery of the Emblem / New Mystery of the Emblem,1,0
277,Palla,3,Mystery of the Emblem / New Mystery of the Emblem,0,1
278,Linde,3,Mystery of the Emblem / New Mystery of the Emblem,0,1
279,Sheena,3,Mystery of the Emblem / New Mystery of the Emblem,0,1
280,Cain,3,Mystery of the Emblem / New Mystery of the Emblem,1,0
281,Gordin,3,Mystery of the Emblem / New Mystery of the Emblem,1,0
282,Camus,3,Mystery of the Emblem / New Mystery of the Emblem,1,0
283,Malice,3,Mystery of the Emblem / New Mystery of the Emblem,0,1
284,Kris (F),3,Mystery of the Emblem / New Mystery of the Emblem,0,1
285,Xane,3,Mystery of the Emblem / New Mystery of the Emblem,1,0
286,Clarisse,3,Mystery of the Emblem / New Mystery of the Emblem,0,1
287,Wrys,3,Mystery of the Emblem / New Mystery of the Emblem,1,0
288,Anna,3,Mystery of the Emblem / New Mystery of the Emblem,0,1
289,Vyland,3,Mystery of the Emblem / New Mystery of the Emblem,1,0
290,Arlen,3,Mystery of the Emblem / New Mystery of the Emblem,1,0
291,Michalis,3,Mystery of the Emblem / New Mystery of the Emblem,1,0
292,Norne,3,Mystery of the Emblem / New Mystery of the Emblem,0,1
293,Hardin,3,Mystery of the Emblem / New Mystery of the Emblem,1,0
294,Athena,3,Mystery of the Emblem / New Mystery of the Emblem,0,1
295,Draug,3,Mystery of the Emblem / New Mystery of the Emblem,1,0
296,Legion,3,Mystery of the Emblem / New Mystery of the Emblem,1,0
297,Etzel,3,Mystery of the Emblem / New Mystery of the Emblem,1,0
298,Nagi,3,Mystery of the Emblem / New Mystery of the Emblem,0,1
299,Julian,3,Mystery of the Emblem / New Mystery of the Emblem,1,0
300,Phina,3,Mystery of the Emblem / New Mystery of the Emblem,0,1
301,Wolf,3,Mystery of the Emblem / New Mystery of the Emblem,1,0
302,Cecil,3,Mystery of the Emblem / New Mystery of the Emblem,0,1
303,Jagen,3,Mystery of the Emblem / New Mystery of the Emblem,1,0
304,Abel,3,Mystery of the Emblem / New Mystery of the Emblem,1,0
305,Yuliya,3,Mystery of the Emblem / New Mystery of the Emblem,1,0
306,Barst,3,Mystery of the Emblem / New Mystery of the Emblem,1,0
307,Samuel,3,Mystery of the Emblem / New Mystery of the Emblem,1,0
308,Ryan,3,Mystery of the Emblem / New Mystery of the Emblem,1,0
309,Castor,3,Mystery of the Emblem / New Mystery of the Emblem,1,0
310,Jubelo,3,Mystery of the Emblem / New Mystery of the Emblem,1,0
311,Maria,3,Mystery of the Emblem / New Mystery of the Emblem,0,1
312,Elice,3,Mystery of the Emblem / New Mystery of the Emblem,0,1
313,Sedgar,3,Mystery of the Emblem / New Mystery of the Emblem,1,0
314,Eremiya,3,Mystery of the Emblem / New Mystery of the Emblem,0,1
315,Lena,3,Mystery of the Emblem / New Mystery of the Emblem,0,1
316,Nyna,3,Mystery of the Emblem / New Mystery of the Emblem,0,1
317,Marisha,3,Mystery of the Emblem / New Mystery of the Emblem,0,1
318,Caesar,3,Mystery of the Emblem / New Mystery of the Emblem,1,0
319,Lorenz,3,Mystery of the Emblem / New Mystery of the Emblem,1,0
320,Astram,3,Mystery of the Emblem / New Mystery of the Emblem,1,0
321,Lang,3,Mystery of the Emblem / New Mystery of the Emblem,1,0
322,Bord,3,Mystery of the Emblem / New Mystery of the Emblem,1,0
323,Roshea,3,Mystery of the Emblem / New Mystery of the Emblem,1,0
324,Est,3,Mystery of the Emblem / New Mystery of the Emblem,0,1
325,Dice,3,Mystery of the Emblem / New Mystery of the Emblem,1,0
326,Bantu,3,Mystery of the Emblem / New Mystery of the Emblem,1,0
327,Luke,3,Mystery of the Emblem / New Mystery of the Emblem,1,0
328,Arran,3,Mystery of the Emblem / New Mystery of the Emblem,1,0
329,Matthis,3,Mystery of the Emblem / New Mystery of the Emblem,1,0
330,Roderick,3,Mystery of the Emblem / New Mystery of the Emblem,1,0
331,Radd,3,Mystery of the Emblem / New Mystery of the Emblem,1,0
332,Cord,3,Mystery of the Emblem / New Mystery of the Emblem,1,0
333,Gharnef,3,Mystery of the Emblem / New Mystery of the Emblem,1,0
334,Horace,3,Mystery of the Emblem / New Mystery of the Emblem,1,0
335,Belf,3,Mystery of the Emblem / New Mystery of the Emblem,1,0
336,Medeus,3,Mystery of the Emblem / New Mystery of the Emblem,1,0
337,Midia,3,Mystery of the Emblem / New Mystery of the Emblem,0,1
338,Samson,3,Mystery of the Emblem / New Mystery of the Emblem,1,0
339,Tomas,3,Mystery of the Emblem / New Mystery of the Emblem,1,0
340,Wendell,3,Mystery of the Emblem / New Mystery of the Emblem,1,0
341,Frey,3,Mystery of the Emblem / New Mystery of the Emblem,1,0
342,Roberto,3,Mystery of the Emblem / New Mystery of the Emblem,1,0
343,Jake,3,Mystery of the Emblem / New Mystery of the Emblem,1,0
344,Warren,3,Mystery of the Emblem / New Mystery of the Emblem,1,0
345,Reiden,3,Mystery of the Emblem / New Mystery of the Emblem,1,0
346,Rickard,3,Mystery of the Emblem / New Mystery of the Emblem,1,0
347,Gotoh,3,Mystery of the Emblem / New Mystery of the Emblem,1,0
348,Dolph,3,Mystery of the Emblem / New Mystery of the Emblem,1,0
349,Boah,3,Mystery of the Emblem / New Mystery of the Emblem,1,0
350,Frost,3,Mystery of the Emblem / New Mystery of the Emblem,1,0
351,Darros,3,Mystery of the Emblem / New Mystery of the Emblem,1,0
352,Ymir,3,Mystery of the Emblem / New Mystery of the Emblem,1,0
353,Beck,3,Mystery of the Emblem / New Mystery of the Emblem,1,0
354,Roger,3,Mystery of the Emblem / New Mystery of the Emblem,1,0
355,Macellan,3,Mystery of the Emblem / New Mystery of the Emblem,1,0
356,Ike,9,Path of Radiance,1,0
357,Nephenee,9,Path of Radiance,0,1
358,Soren,9,Path of Radiance,1,0
359,Black Knight,9,Path of Radiance,1,0
360,Mia,9,Path of Radiance,0,1
361,Titania,9,Path of Radiance,0,1
362,Ilyana,9,Path of Radiance,0,1
363,Lethe,9,Path of Radiance,0,1
364,Mist,9,Path of Radiance,0,1
365,Ranulf,9,Path of Radiance,1,0
366,Jill,9,Path of Radiance,0,1
367,Shinon,9,Path of Radiance,1,0
368,Haar,9,Path of Radiance,1,0
369,Elincia,9,Path of Radiance,0,1
370,Tibarn,9,Path of Radiance,1,0
371,Marcia,9,Path of Radiance,0,1
372,Greil,9,Path of Radiance,1,0
373,Astrid,9,Path of Radiance,0,1
374,Oscar,9,Path of Radiance,1,0
375,Leanne,9,Path of Radiance,0,1
376,Mordecai,9,Path of Radiance,1,0
377,Boyd,9,Path of Radiance,1,0
378,Zihark,9,Path of Radiance,1,0
379,Stefan,9,Path of Radiance,1,0
380,Naesala,9,Path of Radiance,1,0
381,Sanaki,9,Path of Radiance,0,1
382,Reyson,9,Path of Radiance,1,0
383,Volke,9,Path of Radiance,1,0
384,Lucia,9,Path of Radiance,0,1
385,Rolf,9,Path of Radiance,1,0
386,Rhys,9,Path of Radiance,1,0
387,Sothe,9,Path of Radiance,1,0
388,Ashnard,9,Path of Radiance,1,0
389,Kieran,9,Path of Radiance,1,0
390,Tormod,9,Path of Radiance,1,0
391,Caineghis,9,Path of Radiance,1,0
392,Petrine,9,Path of Radiance,0,1
393,Janaff,9,Path of Radiance,1,0
394,Muarim,9,Path of Radiance,1,0
395,Zelgius,9,Path of Radiance,1,0
396,Gatrie,9,Path of Radiance,1,0
397,Sigrun,9,Path of Radiance,0,1
398,Elena,9,Path of Radiance,0,1
399,Brom,9,Path of Radiance,1,0
400,Tanith,9,Path of Radiance,0,1
401,Devdan,9,Path of Radiance,1,0
402,Geoffrey,9,Path of Radiance,1,0
403,Largo,9,Path of Radiance,1,0
404,Ena,9,Path of Radiance,0,1
405,Calill,9,Path of Radiance,0,1
406,Makalov,9,Path of Radiance,1,0
407,Nasir,9,Path of Radiance,1,0
408,Ulki,9,Path of Radiance,1,0
409,Kurthnaga,9,Path of Radiance,1,0
410,Bertram,9,Path of Radiance,1,0
411,Giffca,9,Path of Radiance,1,0
412,Tauroneo,9,Path of Radiance,1,0
413,Bastian,9,Path of Radiance,1,0
414,Sephiran,9,Path of Radiance,1,0
415,Gareth,9,Path of Radiance,1,0
416,Renning,9,Path of Radiance,1,0
417,Dheginsea,9,Path of Radiance,1,0
418,Nealuchi,9,Path of Radiance,1,0
419,Ike,10,Radiant Dawn,1,0
420,Micaiah,10,Radiant Dawn,0,1
421,Mia,10,Radiant Dawn,0,1
422,Nephenee,10,Radiant Dawn,0,1
423,Black Knight,10,Radiant Dawn,1,0
424,Soren,10,Radiant Dawn,1,0
425,Sothe,10,Radiant Dawn,1,0
426,Haar,10,Radiant Dawn,1,0
427,Elincia,10,Radiant Dawn,0,1
428,Tibarn,10,Radiant Dawn,1,0
429,Ilyana,10,Radiant Dawn,0,1
430,Ranulf,10,Radiant Dawn,1,0
431,Shinon,10,Radiant Dawn,1,0
432,Edward,10,Radiant Dawn,1,0
433,Jill,10,Radiant Dawn,0,1
434,Mist,10,Radiant Dawn,0,1
435,Sanaki,10,Radiant Dawn,0,1
436,Nailah,10,Radiant Dawn,0,1
437,Zelgius,10,Radiant Dawn,1,0
438,Titania,10,Radiant Dawn,0,1
439,Volke,10,Radiant Dawn,1,0
440,Naesala,10,Radiant Dawn,1,0
441,Zihark,10,Radiant Dawn,1,0
442,Oliver,10,Radiant Dawn,1,0
443,Lucia,10,Radiant Dawn,0,1
444,Volug,10,Radiant Dawn,1,0
445,Lethe,10,Radiant Dawn,0,1
446,Leanne,10,Radiant Dawn,0,1
447,Vika,10,Radiant Dawn,0,1
448,Stefan,10,Radiant Dawn,1,0
449,Tormod,10,Radiant Dawn,1,0
450,Aran,10,Radiant Dawn,1,0
451,Caineghis,10,Radiant Dawn,1,0
452,Pelleas,10,Radiant Dawn,1,0
453,Heather,10,Radiant Dawn,0,1
454,Boyd,10,Radiant Dawn,1,0
455,Anna,10,Radiant Dawn,0,1
456,Marcia,10,Radiant Dawn,0,1
457,Meg,10,Radiant Dawn,0,1
458,Reyson,10,Radiant Dawn,1,0
459,Lyre,10,Radiant Dawn,0,1
460,Rolf,10,Radiant Dawn,1,0
461,Yune,10,Radiant Dawn,0,1
462,Geoffrey,10,Radiant Dawn,1,0
463,Leonardo,10,Radiant Dawn,1,0
464,Sephiran,10,Radiant Dawn,1,0
465,Amy,10,Radiant Dawn,0,1
466,Sigrun,10,Radiant Dawn,0,1
467,Astrid,10,Radiant Dawn,0,1
468,Ashera,10,Radiant Dawn,0,1
469,Oscar,10,Radiant Dawn,1,0
470,Laura,10,Radiant Dawn,0,1
471,Nolan,10,Radiant Dawn,1,0
472,Gatrie,10,Radiant Dawn,1,0
473,Muarim,10,Radiant Dawn,1,0
474,Rhys,10,Radiant Dawn,1,0
475,Mordecai,10,Radiant Dawn,1,0
476,Kurthnaga,10,Radiant Dawn,1,0
477,Kieran,10,Radiant Dawn,1,0
478,Skrimir,10,Radiant Dawn,1,0
479,Brom,10,Radiant Dawn,1,0
480,Ashunera,10,Radiant Dawn,0,1
481,Fiona,10,Radiant Dawn,0,1
482,Janaff,10,Radiant Dawn,1,0
483,Dheginsea,10,Radiant Dawn,1,0
484,Rafiel,10,Radiant Dawn,1,0
485,Jarod,10,Radiant Dawn,1,0
486,Kyza,10,Radiant Dawn,1,0
487,Danved,10,Radiant Dawn,1,0
488,Tauroneo,10,Radiant Dawn,1,0
489,Tanith,10,Radiant Dawn,0,1
490,Calill,10,Radiant Dawn,0,1
491,Gareth,10,Radiant Dawn,1,0
492,Aimee,10,Radiant Dawn,0,1
493,Ulki,10,Radiant Dawn,1,0
494,Bastian,10,Radiant Dawn,1,0
495,Ena,10,Radiant Dawn,0,1
496,Almedha,10,Radiant Dawn,0,1
497,Nasir,10,Radiant Dawn,1,0
498,Giffca,10,Radiant Dawn,1,0
499,Makalov,10,Radiant Dawn,1,0
500,Renning,10,Radiant Dawn,1,0
501,Valtome,10,Radiant Dawn,1,0
502,Nealuchi,10,Radiant Dawn,1,0
503,Largo,10,Radiant Dawn,1,0
504,Muston,10,Radiant Dawn,1,0
505,Jorge,10,Radiant Dawn,1,0
506,Izuka,10,Radiant Dawn,1,0
507,Hetzel,10,Radiant Dawn,1,0
508,Daniel,10,Radiant Dawn,1,0
509,Marth,1,Shadow Dragon and the Blade of Light / Shadow Dragon,1,0
510,Caeda,1,Shadow Dragon and the Blade of Light / Shadow Dragon,0,1
511,Tiki,1,Shadow Dragon and the Blade of Light / Shadow Dragon,0,1
512,Minerva,1,Shadow Dragon and the Blade of Light / Shadow Dragon,0,1
513,Navarre,1,Shadow Dragon and the Blade of Light / Shadow Dragon,1,0
514,Wrys,1,Shadow Dragon and the Blade of Light / Shadow Dragon,1,0
515,Ogma,1,Shadow Dragon and the Blade of Light / Shadow Dragon,1,0
516,Merric,1,Shadow Dragon and the Blade of Light / Shadow Dragon,1,0
517,Catria,1,Shadow Dragon and the Blade of Light / Shadow Dragon,0,1
518,Linde,1,Shadow Dragon and the Blade of Light / Shadow Dragon,0,1
519,Camus,1,Shadow Dragon and the Blade of Light / Shadow Dragon,1,0
520,Cain,1,Shadow Dragon and the Blade of Light / Shadow Dragon,1,0
521,Anna,1,Shadow Dragon and the Blade of Light / Shadow Dragon,0,1
522,Abel,1,Shadow Dragon and the Blade of Light / Shadow Dragon,1,0
523,Jagen,1,Shadow Dragon and the Blade of Light / Shadow Dragon,1,0
524,Wolf,1,Shadow Dragon and the Blade of Light / Shadow Dragon,1,0
525,Athena,1,Shadow Dragon and the Blade of Light / Shadow Dragon,0,1
526,Xane,1,Shadow Dragon and the Blade of Light / Shadow Dragon,1,0
527,Barst,1,Shadow Dragon and the Blade of Light / Shadow Dragon,1,0
528,Draug,1,Shadow Dragon and the Blade of Light / Shadow Dragon,1,0
529,Nagi,1,Shadow Dragon and the Blade of Light / Shadow Dragon,0,1
530,Gordin,1,Shadow Dragon and the Blade of Light / Shadow Dragon,1,0
531,Palla,1,Shadow Dragon and the Blade of Light / Shadow Dragon,0,1
532,Julian,1,Shadow Dragon and the Blade of Light / Shadow Dragon,1,0
533,Etzel,1,Shadow Dragon and the Blade of Light / Shadow Dragon,1,0
534,Vyland,1,Shadow Dragon and the Blade of Light / Shadow Dragon,1,0
535,Jeorge,1,Shadow Dragon and the Blade of Light / Shadow Dragon,1,0
536,Elice,1,Shadow Dragon and the Blade of Light / Shadow Dragon,0,1
537,Lena,1,Shadow Dragon and the Blade of Light / Shadow Dragon,0,1
538,Norne,1,Shadow Dragon and the Blade of Light / Shadow Dragon,0,1
539,Michalis,1,Shadow Dragon and the Blade of Light / Shadow Dragon,1,0
540,Hardin,1,Shadow Dragon and the Blade of Light / Shadow Dragon,1,0
541,Nyna,1,Shadow Dragon and the Blade of Light / Shadow Dragon,0,1
542,Lorenz,1,Shadow Dragon and the Blade of Light / Shadow Dragon,1,0
543,Gharnef,1,Shadow Dragon and the Blade of Light / Shadow Dragon,1,0
544,Maria,1,Shadow Dragon and the Blade of Light / Shadow Dragon,0,1
545,Bantu,1,Shadow Dragon and the Blade of Light / Shadow Dragon,1,0
546,Radd,1,Shadow Dragon and the Blade of Light / Shadow Dragon,1,0
547,Castor,1,Shadow Dragon and the Blade of Light / Shadow Dragon,1,0
548,Est,1,Shadow Dragon and the Blade of Light / Shadow Dragon,0,1
549,Sedgar,1,Shadow Dragon and the Blade of Light / Shadow Dragon,1,0
550,Frey,1,Shadow Dragon and the Blade of Light / Shadow Dragon,1,0
551,Bord,1,Shadow Dragon and the Blade of Light / Shadow Dragon,1,0
552,Wendell,1,Shadow Dragon and the Blade of Light / Shadow Dragon,1,0
553,Cord,1,Shadow Dragon and the Blade of Light / Shadow Dragon,1,0
554,Jake,1,Shadow Dragon and the Blade of Light / Shadow Dragon,1,0
555,Roshea,1,Shadow Dragon and the Blade of Light / Shadow Dragon,1,0
556,Matthis,1,Shadow Dragon and the Blade of Light / Shadow Dragon,1,0
557,Astram,1,Shadow Dragon and the Blade of Light / Shadow Dragon,1,0
558,Horace,1,Shadow Dragon and the Blade of Light / Shadow Dragon,1,0
559,Arran,1,Shadow Dragon and the Blade of Light / Shadow Dragon,1,0
560,Caesar,1,Shadow Dragon and the Blade of Light / Shadow Dragon,1,0
561,Darros,1,Shadow Dragon and the Blade of Light / Shadow Dragon,1,0
562,Ymir,1,Shadow Dragon and the Blade of Light / Shadow Dragon,1,0
563,Medeus,1,Shadow Dragon and the Blade of Light / Shadow Dragon,1,0
564,Samson,1,Shadow Dragon and the Blade of Light / Shadow Dragon,1,0
565,Midia,1,Shadow Dragon and the Blade of Light / Shadow Dragon,0,1
566,Beck,1,Shadow Dragon and the Blade of Light / Shadow Dragon,1,0
567,Gotoh,1,Shadow Dragon and the Blade of Light / Shadow Dragon,1,0
568,Boah,1,Shadow Dragon and the Blade of Light / Shadow Dragon,1,0
569,Dolph,1,Shadow Dragon and the Blade of Light / Shadow Dragon,1,0
570,Tomas,1,Shadow Dragon and the Blade of Light / Shadow Dragon,1,0
571,Macellan,1,Shadow Dragon and the Blade of Light / Shadow Dragon,1,0
572,Roger,1,Shadow Dragon and the Blade of Light / Shadow Dragon,1,0
573,Rickard,1,Shadow Dragon and the Blade of Light / Shadow Dragon,1,0
574,Malledus,1,Shadow Dragon and the Blade of Light / Shadow Dragon,1,0
575,Roy,6,The Binding Blade,1,0
576,Lilina,6,The Binding Blade,0,1
577,Lot,6,The Binding Blade,1,0
578,Sophia,6,The Binding Blade,0,1
579,Rutger,6,The Binding Blade,1,0
580,Fir,6,The Binding Blade,0,1
581,Shanna,6,The Binding Blade,0,1
582,Fae,6,The Binding Blade,0,1
583,Dieck,6,The Binding Blade,1,0
584,Lugh,6,The Binding Blade,1,0
585,Narcian,6,The Binding Blade,1,0
586,Clarine,6,The Binding Blade,0,1
587,Cecilia,6,The Binding Blade,0,1
588,Idunn,6,The Binding Blade,0,1
589,Wolt,6,The Binding Blade,1,0
590,Raigh,6,The Binding Blade,1,0
591,Hector,6,The Binding Blade,1,0
592,Zephiel,6,The Binding Blade,1,0
593,Gonzalez,6,The Binding Blade,1,0
594,Thite,6,The Binding Blade,0,1
595,Perceval,6,The Binding Blade,1,0
596,Echidna,6,The Binding Blade,0,1
597,Gwendolyn,6,The Binding Blade,0,1
598,Sue,6,The Binding Blade,0,1
599,Melady,6,The Binding Blade,0,1
600,Hugh,6,The Binding Blade,1,0
601,Chad,6,The Binding Blade,1,0
602,Noah,6,The Binding Blade,1,0
603,Igrene,6,The Binding Blade,0,1
604,Merlinus,6,The Binding Blade,1,0
605,Eliwood,6,The Binding Blade,1,0
606,Zeiss,6,The Binding Blade,1,0
607,Lance,6,The Binding Blade,1,0
608,Cath,6,The Binding Blade,0,1
609,Saul,6,The Binding Blade,1,0
610,Alen,6,The Binding Blade,1,0
611,Brunnya,6,The Binding Blade,0,1
612,Galle,6,The Binding Blade,1,0
613,Dorothy,6,The Binding Blade,0,1
614,Karel,6,The Binding Blade,1,0
615,Geese,6,The Binding Blade,1,0
616,Klein,6,The Binding Blade,1,0
617,Sin,6,The Binding Blade,1,0
618,Marcus,6,The Binding Blade,1,0
619,Ogier,6,The Binding Blade,1,0
620,Guinivere,6,The Binding Blade,0,1
621,Bors,6,The Binding Blade,1,0
622,Trec,6,The Binding Blade,1,0
623,Niime,6,The Binding Blade,0,1
624,Elen,6,The Binding Blade,0,1
625,Bartre,6,The Binding Blade,1,0
626,Douglas,6,The Binding Blade,1,0
627,Larum,6,The Binding Blade,0,1
628,Murdock,6,The Binding Blade,1,0
629,Barthe,6,The Binding Blade,1,0
630,Juno,6,The Binding Blade,0,1
631,Elffin,6,The Binding Blade,1,0
632,Wade,6,The Binding Blade,1,0
633,Astolfo,6,The Binding Blade,1,0
634,Jahn,6,The Binding Blade,1,0
635,Zelot,6,The Binding Blade,1,0
636,Garret,6,The Binding Blade,1,0
637,Yoder,6,The Binding Blade,1,0
638,Dayan,6,The Binding Blade,1,0
639,Lyn,7,The Blazing Blade,0,1
640,Hector,7,The Blazing Blade,1,0
641,Dorcas,7,The Blazing Blade,1,0
642,Eliwood,7,The Blazing Blade,1,0
643,Nino,7,The Blazing Blade,0,1
644,Florina,7,The Blazing Blade,0,1
645,Jaffar,7,The Blazing Blade,1,0
646,Matthew,7,The Blazing Blade,1,0
647,Ninian,7,The Blazing Blade,0,1
648,Canas,7,The Blazing Blade,1,0
649,Rebecca,7,The Blazing Blade,0,1
650,Raven,7,The Blazing Blade,1,0
651,Lucius,7,The Blazing Blade,1,0
652,Serra,7,The Blazing Blade,0,1
653,Sain,7,The Blazing Blade,1,0
654,Erk,7,The Blazing Blade,1,0
655,Guy,7,The Blazing Blade,1,0
656,Lloyd,7,The Blazing Blade,1,0
657,Rath,7,The Blazing Blade,1,0
658,Ursula,7,The Blazing Blade,0,1
659,Priscilla,7,The Blazing Blade,0,1
660,Pent,7,The Blazing Blade,1,0
661,Fiora,7,The Blazing Blade,0,1
662,Legault,7,The Blazing Blade,1,0
663,Leila,7,The Blazing Blade,0,1
664,Wil,7,The Blazing Blade,1,0
665,Kent,7,The Blazing Blade,1,0
666,Heath,7,The Blazing Blade,1,0
667,Karel,7,The Blazing Blade,1,0
668,Nils,7,The Blazing Blade,1,0
669,Farina,7,The Blazing Blade,0,1
670,Limstella,7,The Blazing Blade,1,1
671,Sonia,7,The Blazing Blade,0,1
672,Louise,7,The Blazing Blade,0,1
673,Karla,7,The Blazing Blade,0,1
674,Oswin,7,The Blazing Blade,1,0
675,Athos,7,The Blazing Blade,1,0
676,Merlinus,7,The Blazing Blade,1,0
677,Dart,7,The Blazing Blade,1,0
678,Hawkeye,7,The Blazing Blade,1,0
679,Wallace,7,The Blazing Blade,1,0
680,Marcus,7,The Blazing Blade,1,0
681,Guinivere,7,The Blazing Blade,0,1
682,Lowen,7,The Blazing Blade,1,0
683,Ephidel,7,The Blazing Blade,1,0
684,Harken,7,The Blazing Blade,1,0
685,Linus,7,The Blazing Blade,1,0
686,Isadora,7,The Blazing Blade,0,1
687,Nergal,7,The Blazing Blade,1,0
688,Bartre,7,The Blazing Blade,1,0
689,Geitz,7,The Blazing Blade,1,0
690,Renault,7,The Blazing Blade,1,0
691,Vaida,7,The Blazing Blade,0,1
692,Zephiel,7,The Blazing Blade,1,0
693,Eirika,8,The Sacred Stones,0,1
694,Ephraim,8,The Sacred Stones,1,0
695,Lute,8,The Sacred Stones,0,1
696,Joshua,8,The Sacred Stones,1,0
697,Marisa,8,The Sacred Stones,0,1
698,Seth,8,The Sacred Stones,1,0
699,Amelia,8,The Sacred Stones,0,1
700,Tana,8,The Sacred Stones,0,1
701,Lyon,8,The Sacred Stones,1,0
702,L'Arachel,8,The Sacred Stones,0,1
703,Myrrh,8,The Sacred Stones,0,1
704,Ross,8,The Sacred Stones,1,0
705,Innes,8,The Sacred Stones,1,0
706,Gerik,8,The Sacred Stones,1,0
707,Cormag,8,The Sacred Stones,1,0
708,Colm,8,The Sacred Stones,1,0
709,Gilliam,8,The Sacred Stones,1,0
710,Garcia,8,The Sacred Stones,1,0
711,Neimi,8,The Sacred Stones,0,1
712,Knoll,8,The Sacred Stones,1,0
713,Ewan,8,The Sacred Stones,1,0
714,Vanessa,8,The Sacred Stones,0,1
715,Artur,8,The Sacred Stones,1,0
716,Moulder,8,The Sacred Stones,1,0
717,Valter,8,The Sacred Stones,1,0
718,Selena,8,The Sacred Stones,0,1
719,Franz,8,The Sacred Stones,1,0
720,Forde,8,The Sacred Stones,1,0
721,Tethys,8,The Sacred Stones,0,1
722,Natasha,8,The Sacred Stones,0,1
723,Duessel,8,The Sacred Stones,1,0
724,Dozla,8,The Sacred Stones,1,0
725,Ismaire,8,The Sacred Stones,0,1
726,Saleh,8,The Sacred Stones,1,0
727,Kyle,8,The Sacred Stones,1,0
728,Orson,8,The Sacred Stones,1,0
729,Glen,8,The Sacred Stones,1,0
730,Syrene,8,The Sacred Stones,0,1
731,Rennac,8,The Sacred Stones,1,0
732,Caellach,8,The Sacred Stones,1,0
733,Fado,8,The Sacred Stones,1,0
734,Riev,8,The Sacred Stones,1,0
735,Hayden,8,The Sacred Stones,1,0
736,Leif,5,Thracia 776,1,0
737,Finn,5,Thracia 776,1,0
738,Olwen,5,Thracia 776,0,1
739,Mareeta,5,Thracia 776,0,1
740,Marty,5,Thracia 776,1,0
741,Nanna,5,Thracia 776,0,1
742,Ced,5,Thracia 776,1,0
743,Sara,5,Thracia 776,0,1
744,Asbel,5,Thracia 776,1,0
745,Machyua,5,Thracia 776,0,1
746,Osian,5,Thracia 776,1,0
747,Miranda,5,Thracia 776,0,1
748,Lara,5,Thracia 776,0,1
749,Carrion,5,Thracia 776,1,0
750,Linoan,5,Thracia 776,0,1
751,Lifis,5,Thracia 776,1,0
752,Karin,5,Thracia 776,0,1
753,Misha,5,Thracia 776,0,1
754,Eyvel,5,Thracia 776,0,1
755,Kempf,5,Thracia 776,1,0
756,Shiva,5,Thracia 776,1,0
757,Saias,5,Thracia 776,1,0
758,Galzus,5,Thracia 776,1,0
759,Tanya,5,Thracia 776,0,1
760,Reinhardt,5,Thracia 776,1,0
761,Ronan,5,Thracia 776,1,0
762,Salem,5,Thracia 776,1,0
763,Eda,5,Thracia 776,0,1
764,Ilios,5,Thracia 776,1,0
765,Halvan,5,Thracia 776,1,0
766,Dagdar,5,Thracia 776,1,0
767,Fergus,5,Thracia 776,1,0
768,Tina,5,Thracia 776,0,1
769,Homer,5,Thracia 776,1,0
770,Shannam,5,Thracia 776,1,0
771,Perne,5,Thracia 776,1,0
772,Brighton,5,Thracia 776,1,0
773,Amalda,5,Thracia 776,0,1
774,Selphina,5,Thracia 776,0,1
775,Alva,5,Thracia 776,1,0
776,Deen,5,Thracia 776,1,0
777,Xavier,5,Thracia 776,1,0
778,Cain,5,Thracia 776,1,0
779,Ralf,5,Thracia 776,1,0
780,Raydrik,5,Thracia 776,1,0
781,Robert,5,Thracia 776,1,0
782,Veld,5,Thracia 776,1,0
783,Safy,5,Thracia 776,0,1
784,Diarmuid,5,Thracia 776,1,0
785,Hicks,5,Thracia 776,1,0
786,Dalsin,5,Thracia 776,1,0
787,Fred,5,Thracia 776,1,0
788,Troude,5,Thracia 776,1,0
789,Sleuf,5,Thracia 776,1,0
790,Conomor,5,Thracia 776,1,0
791,Glade,5,Thracia 776,1,0
792,Byleth (M),16,Three Houses,1,0
793,Byleth (F),16,Three Houses,0,1
794,Edelgard,16,Three Houses,0,1
795,Dimitri,16,Three Houses,1,0
796,Claude,16,Three Houses,1,0
797,Hubert,16,Three Houses,1,0
798,Ferdinand,16,Three Houses,1,0
799,Linhardt,16,Three Houses,1,0
800,Caspar,16,Three Houses,1,0
801,Dedue,16,Three Houses,1,0
802,Felix,16,Three Houses,1,0
803,Ashe,16,Three Houses,1,0
804,Sylvain,16,Three Houses,1,0
805,Lorenz,16,Three Houses,1,0
806,Raphael,16,Three Houses,1,0
807,Ignatz,16,Three Houses,1,0
808,Bernadetta,16,Three Houses,0,1
809,Dorothea,16,Three Houses,0,1
810,Petra,16,Three Houses,0,1
811,Mercedes,16,Three Houses,0,1
812,Annette,16,Three Houses,0,1
813,Ingrid,16,Three Houses,0,1
814,Lysithea,16,Three Houses,0,1
815,Marianne,16,Three Houses,0,1
816,Hilda,16,Three Houses,0,1
817,Leonie,16,Three Houses,0,1
818,Seteth,16,Three Houses,1,0
819,Hanneman,16,Three Houses,1,0
820,Gilbert,16,Three Houses,1,0
821,Alois,16,Three Houses,1,0
822,Cyril,16,Three Houses,1,0
823,Flayn,16,Three Houses,0,1
824,Manuela,16,Three Houses,0,1
825,Catherine,16,Three Houses,0,1
826,Shamir,16,Three Houses,0,1
827,Anna,16,Three Houses,0,1
828,Jeritza,16,Three Houses,1,0
829,Aelfric,16,Three Houses,1,0
830,Yuri,16,Three Houses,1,0
831,Balthus,16,Three Houses,1,0
832,Constance,16,Three Houses,0,1
833,Hapi,16,Three Houses,0,1
834,Sothis,16,Three Houses,0,1
835,Jeralt,16,Three Houses,1,0
836,Gatekeeper,16,Three Houses,1,0
837,Abysskeeper,16,Three Houses,1,0
838,Monica,16,Three Houses,0,1
839,Fleche,16,Three Houses,0,1
840,Arundel,16,Three Houses,1,0
841,Randolph,16,Three Houses,1,0
842,Metodey,16,Three Houses,1,0
843,Lonato,16,Three Houses,1,0
844,Miklan,16,Three Houses,1,0
845,Rodrigue,16,Three Houses,1,0
846,Acheron,16,Three Houses,1,0
847,Judith,16,Three Houses,0,1
848,Nader,16,Three Houses,1,0
849,Rhea,16,Three Houses,0,1
850,Flame Emperor,16,Three Houses,1,0
851,Kostas,16,Three Houses,1,0
852,Death Knight,16,Three Houses,1,1
853,Thales,16,Three Houses,1,0
854,Solon,16,Three Houses,1,0
855,Kronya,16,Three Houses,0,1
856,Cornelia,16,Three Houses,0,1
857,Seiros,16,Three Houses,0,1
858,The Immaculate One,16,Three Houses,1,1
859,Nemesis,16,Three Houses,1,0
860,Lambert,16,Three Houses,1,0
861,Sitri,16,Three Houses,0,1
862,Alear (M),17,Engage,1,0
863,Alear (F),17,Engage,0,1
864,Vander,17,Engage,1,0
865,Clanne,17,Engage,1,0
866,Framme,17,Engage,0,1
867,Alfred,17,Engage,1,0
868,Boucheron,17,Engage,1,0
869,Louis,17,Engage,1,0
870,Jean,17,Engage,1,0
871,Céline,17,Engage,0,1
872,Etie,17,Engage,0,1
873,Chloé,17,Engage,0,1
874,Diamant,17,Engage,1,0
875,Alcryst,17,Engage,1,0
876,Amber,17,Engage,1,0
877,Jade,17,Engage,0,1
878,Citrinne,17,Engage,0,1
879,Lapis,17,Engage,0,1
880,Yunaka,17,Engage,0,1
881,Saphir,17,Engage,0,1
882,Zelkov,17,Engage,1,0
883,Kagetsu,17,Engage,1,0
884,Rosado,17,Engage,1,0
885,Lindon,17,Engage,1,0
886,Ivy,17,Engage,0,1
887,Hortensia,17,Engage,0,1
888,Goldmary,17,Engage,0,1
889,Anna,17,Engage,0,1
890,Fogado,17,Engage,1,0
891,Merrin,17,Engage,0,1
892,Timerra,17,Engage,0,1
893,Panette,17,Engage,0,1
894,Bunet,17,Engage,1,0
895,Pandreo,17,Engage,1,0
896,Seadall,17,Engage,1,0
897,Mauvier,17,Engage,1,0
898,Nel,17,Engage,0,1
899,Rafal,17,Engage,1,0
900,Zelestia,17,Engage,0,1
901,Gregory,17,Engage,1,0
902,Madeline,17,Engage,0,1
903,Sommie,17,Engage,1,1
904,Lumera,17,Engage,0,1
905,Ève,17,Engage,0,1
906,Morion,17,Engage,1,0
907,Seforia,17,Engage,0,1
908,Hyacinth,17,Engage,1,0
909,Zephia,17,Engage,0,1
910,Griss,17,Engage,1,0
911,Veyle,17,Engage,0,1
912,Sombron,17,Engage,1,0